Workbook

Sheet Synthèse
B1: Analyse des ventes — synthèse
B2: Chiffres clés recalculés à chaque exécution de `python main.py`. Quantités = « quantités enregistrées par le logiciel » (unité non documentée).
B4: Indicateur | C4: Valeur | D4: Commentaire

Sheet Outil
B1: Outil de consultation des ventes
B2: Choisissez une période (cellules jaunes) et les groupes ATC à inclure (Oui / Non). Tout se recalcule automatiquement.
B4: Date de début | C4: =DATE(YEAR(MAX(Data!$A:$A)),1,1) | E4: Données disponibles du | G4: =MIN(Data!$A:$A) | H4: au | I4: =MAX(Data!$A:$A)
B5: Date de fin | C5: =MAX(Data!$A:$A)
B8: Groupe ATC | C8: =Data!B1 | D8: =Data!C1 | E8: =Data!D1 | F8: =Data!E1 | G8: =Data!F1 | H8: =Data!G1 | I8: =Data!H1 | J8: =Data!I1
B9: Inclure ? (Oui / Non) | C9: Oui | D9: Oui | E9: Oui | F9: Oui | G9: Oui | H9: Oui | I9: Oui | J9: Oui
B10: Ventes sur la période | C10: =IF(C$9="Oui",SUMPRODUCT((Data!$A$2:$A$20000>=$C$4)*(Data!$A$2:$A$20000<=$C$5)*Data!B$2:B$20000),0) | D10: =IF(D$9="Oui",SUMPRODUCT((Data!$A$2:$A$20000>=$C$4)*(Data!$A$2:$A$20000<=$C$5)*Data!C$2:C$20000),0) | E10: =IF(E$9="Oui",SUMPRODUCT((Data!$A$2:$A$20000>=$C$4)*(Data!$A$2:$A$20000<=$C$5)*Data!D$2:D$20000),0) | F10: =IF(F$9="Oui",SUMPRODUCT((Data!$A$2:$A$20000>=$C$4)*(Data!$A$2:$A$20000<=$C$5)*Data!E$2:E$20000),0) | G10: =IF(G$9="Oui",SUMPRODUCT((Data!$A$2:$A$20000>=$C$4)*(Data!$A$2:$A$20000<=$C$5)*Data!F$2:F$20000),0) | H10: =IF(H$9="Oui",SUMPRODUCT((Data!$A$2:$A$20000>=$C$4)*(Data!$A$2:$A$20000<=$C$5)*Data!G$2:G$20000),0) | I10: =IF(I$9="Oui",SUMPRODUCT((Data!$A$2:$A$20000>=$C$4)*(Data!$A$2:$A$20000<=$C$5)*Data!H$2:H$20000),0) | J10: =IF(J$9="Oui",SUMPRODUCT((Data!$A$2:$A$20000>=$C$4)*(Data!$A$2:$A$20000<=$C$5)*Data!I$2:I$20000),0)
B11: Part de la sélection | C11: =IF($C$13=0,0,C10/$C$13) | D11: =IF($C$13=0,0,D10/$C$13) | E11: =IF($C$13=0,0,E10/$C$13) | F11: =IF($C$13=0,0,F10/$C$13) | G11: =IF($C$13=0,0,G10/$C$13) | H11: =IF($C$13=0,0,H10/$C$13) | I11: =IF($C$13=0,0,I10/$C$13) | J11: =IF($C$13=0,0,J10/$C$13)
B13: Total de la sélection | C13: =SUM(C10:J10)
B14: Jours dans la période | C14: =SUMPRODUCT((Data!$A$2:$A$20000>=$C$4)*(Data!$A$2:$A$20000<=$C$5))
B15: Moyenne par jour | C15: =IF(C14=0,0,C13/C14)
B17: Par jour de la semaine | C17: Total | D17: Moyenne / jour | F17: Par mois de l'année | G17: Total | H17: Moyenne / jour
B18: Lundi | C18: =SUMPRODUCT((Data!$L$2:$L$20000=1)*(Data!$A$2:$A$20000>=$C$4)*(Data!$A$2:$A$20000<=$C$5)*Data!$M$2:$M$20000) | D18: =IFERROR(C18/SUMPRODUCT((Data!$L$2:$L$20000=1)*(Data!$A$2:$A$20000>=$C$4)*(Data!$A$2:$A$20000<=$C$5)),0) | F18: Janvier | G18: =SUMPRODUCT((Data!$K$2:$K$20000=1)*(Data!$A$2:$A$20000>=$C$4)*(Data!$A$2:$A$20000<=$C$5)*Data!$M$2:$M$20000) | H18: =IFERROR(G18/SUMPRODUCT((Data!$K$2:$K$20000=1)*(Data!$A$2:$A$20000>=$C$4)*(Data!$A$2:$A$20000<=$C$5)),0)
B19: Mardi | C19: =SUMPRODUCT((Data!$L$2:$L$20000=2)*(Data!$A$2:$A$20000>=$C$4)*(Data!$A$2:$A$20000<=$C$5)*Data!$M$2:$M$20000) | D19: =IFERROR(C19/SUMPRODUCT((Data!$L$2:$L$20000=2)*(Data!$A$2:$A$20000>=$C$4)*(Data!$A$2:$A$20000<=$C$5)),0) | F19: Février | G19: =SUMPRODUCT((Data!$K$2:$K$20000=2)*(Data!$A$2:$A$20000>=$C$4)*(Data!$A$2:$A$20000<=$C$5)*Data!$M$2:$M$20000) | H19: =IFERROR(G19/SUMPRODUCT((Data!$K$2:$K$20000=2)*(Data!$A$2:$A$20000>=$C$4)*(Data!$A$2:$A$20000<=$C$5)),0)
B20: Mercredi | C20: =SUMPRODUCT((Data!$L$2:$L$20000=3)*(Data!$A$2:$A$20000>=$C$4)*(Data!$A$2:$A$20000<=$C$5)*Data!$M$2:$M$20000) | D20: =IFERROR(C20/SUMPRODUCT((Data!$L$2:$L$20000=3)*(Data!$A$2:$A$20000>=$C$4)*(Data!$A$2:$A$20000<=$C$5)),0) | F20: Mars | G20: =SUMPRODUCT((Data!$K$2:$K$20000=3)*(Data!$A$2:$A$20000>=$C$4)*(Data!$A$2:$A$20000<=$C$5)*Data!$M$2:$M$20000) | H20: =IFERROR(G20/SUMPRODUCT((Data!$K$2:$K$20000=3)*(Data!$A$2:$A$20000>=$C$4)*(Data!$A$2:$A$20000<=$C$5)),0)
B21: Jeudi | C21: =SUMPRODUCT((Data!$L$2:$L$20000=4)*(Data!$A$2:$A$20000>=$C$4)*(Data!$A$2:$A$20000<=$C$5)*Data!$M$2:$M$20000) | D21: =IFERROR(C21/SUMPRODUCT((Data!$L$2:$L$20000=4)*(Data!$A$2:$A$20000>=$C$4)*(Data!$A$2:$A$20000<=$C$5)),0) | F21: Avril | G21: =SUMPRODUCT((Data!$K$2:$K$20000=4)*(Data!$A$2:$A$20000>=$C$4)*(Data!$A$2:$A$20000<=$C$5)*Data!$M$2:$M$20000) | H21: =IFERROR(G21/SUMPRODUCT((Data!$K$2:$K$20000=4)*(Data!$A$2:$A$20000>=$C$4)*(Data!$A$2:$A$20000<=$C$5)),0)
B22: Vendredi | C22: =SUMPRODUCT((Data!$L$2:$L$20000=5)*(Data!$A$2:$A$20000>=$C$4)*(Data!$A$2:$A$20000<=$C$5)*Data!$M$2:$M$20000) | D22: =IFERROR(C22/SUMPRODUCT((Data!$L$2:$L$20000=5)*(Data!$A$2:$A$20000>=$C$4)*(Data!$A$2:$A$20000<=$C$5)),0) | F22: Mai | G22: =SUMPRODUCT((Data!$K$2:$K$20000=5)*(Data!$A$2:$A$20000>=$C$4)*(Data!$A$2:$A$20000<=$C$5)*Data!$M$2:$M$20000) | H22: =IFERROR(G22/SUMPRODUCT((Data!$K$2:$K$20000=5)*(Data!$A$2:$A$20000>=$C$4)*(Data!$A$2:$A$20000<=$C$5)),0)
B23: Samedi | C23: =SUMPRODUCT((Data!$L$2:$L$20000=6)*(Data!$A$2:$A$20000>=$C$4)*(Data!$A$2:$A$20000<=$C$5)*Data!$M$2:$M$20000) | D23: =IFERROR(C23/SUMPRODUCT((Data!$L$2:$L$20000=6)*(Data!$A$2:$A$20000>=$C$4)*(Data!$A$2:$A$20000<=$C$5)),0) | F23: Juin | G23: =SUMPRODUCT((Data!$K$2:$K$20000=6)*(Data!$A$2:$A$20000>=$C$4)*(Data!$A$2:$A$20000<=$C$5)*Data!$M$2:$M$20000) | H23: =IFERROR(G23/SUMPRODUCT((Data!$K$2:$K$20000=6)*(Data!$A$2:$A$20000>=$C$4)*(Data!$A$2:$A$20000<=$C$5)),0)
B24: Dimanche | C24: =SUMPRODUCT((Data!$L$2:$L$20000=7)*(Data!$A$2:$A$20000>=$C$4)*(Data!$A$2:$A$20000<=$C$5)*Data!$M$2:$M$20000) | D24: =IFERROR(C24/SUMPRODUCT((Data!$L$2:$L$20000=7)*(Data!$A$2:$A$20000>=$C$4)*(Data!$A$2:$A$20000<=$C$5)),0) | F24: Juillet | G24: =SUMPRODUCT((Data!$K$2:$K$20000=7)*(Data!$A$2:$A$20000>=$C$4)*(Data!$A$2:$A$20000<=$C$5)*Data!$M$2:$M$20000) | H24: =IFERROR(G24/SUMPRODUCT((Data!$K$2:$K$20000=7)*(Data!$A$2:$A$20000>=$C$4)*(Data!$A$2:$A$20000<=$C$5)),0)
F25: Août | G25: =SUMPRODUCT((Data!$K$2:$K$20000=8)*(Data!$A$2:$A$20000>=$C$4)*(Data!$A$2:$A$20000<=$C$5)*Data!$M$2:$M$20000) | H25: =IFERROR(G25/SUMPRODUCT((Data!$K$2:$K$20000=8)*(Data!$A$2:$A$20000>=$C$4)*(Data!$A$2:$A$20000<=$C$5)),0)
F26: Septembre | G26: =SUMPRODUCT((Data!$K$2:$K$20000=9)*(Data!$A$2:$A$20000>=$C$4)*(Data!$A$2:$A$20000<=$C$5)*Data!$M$2:$M$20000) | H26: =IFERROR(G26/SUMPRODUCT((Data!$K$2:$K$20000=9)*(Data!$A$2:$A$20000>=$C$4)*(Data!$A$2:$A$20000<=$C$5)),0)
F27: Octobre | G27: =SUMPRODUCT((Data!$K$2:$K$20000=10)*(Data!$A$2:$A$20000>=$C$4)*(Data!$A$2:$A$20000<=$C$5)*Data!$M$2:$M$20000) | H27: =IFERROR(G27/SUMPRODUCT((Data!$K$2:$K$20000=10)*(Data!$A$2:$A$20000>=$C$4)*(Data!$A$2:$A$20000<=$C$5)),0)
F28: Novembre | G28: =SUMPRODUCT((Data!$K$2:$K$20000=11)*(Data!$A$2:$A$20000>=$C$4)*(Data!$A$2:$A$20000<=$C$5)*Data!$M$2:$M$20000) | H28: =IFERROR(G28/SUMPRODUCT((Data!$K$2:$K$20000=11)*(Data!$A$2:$A$20000>=$C$4)*(Data!$A$2:$A$20000<=$C$5)),0)
F29: Décembre | G29: =SUMPRODUCT((Data!$K$2:$K$20000=12)*(Data!$A$2:$A$20000>=$C$4)*(Data!$A$2:$A$20000<=$C$5)*Data!$M$2:$M$20000) | H29: =IFERROR(G29/SUMPRODUCT((Data!$K$2:$K$20000=12)*(Data!$A$2:$A$20000>=$C$4)*(Data!$A$2:$A$20000<=$C$5)),0)

Sheet Statistiques
B1: Statistiques descriptives
B2: Mois complets uniquement, mensuel recalculé depuis le journalier. Évolution = comparaison aux mêmes mois de l'année précédente.
B4: ATC | C4: Total (mois complets) | D4: Part du total | E4: Moyenne mensuelle | F4: Mois | G4: Coefficient de variation | H4: Stock de sécurité (1 mois) | J4: ATC | K4: Année | L4: Mois couverts | M4: Total | N4: Moyenne mensuelle | O4: Évolution (mêmes mois)

Sheet Saisonnalité
B1: Saisonnalité par groupe ATC
B2: Indice 1,00 = niveau moyen du groupe ; 1,30 = 30 % au-dessus de la moyenne. Mois : mensuel ; jour : journalier ; heure : horaire.
B4: Mois | C4: M01AB | D4: M01AE | E4: N02BA | F4: N02BE | G4: N05B | H4: N05C | I4: R03 | J4: R06 | L4: Jour | M4: M01AB | N4: M01AE | O4: N02BA | P4: N02BE | Q4: N05B | R4: N05C | S4: R03 | T4: R06 | V4: Heure | W4: M01AB | X4: M01AE | Y4: N02BA | Z4: N02BE | AA4: N05B | AB4: N05C | AC4: R03 | AD4: R06

Sheet Prévisions
B1: Prévision du mois suivant le dernier mois complet
B2: Backtest à origine glissante : chaque mois est prévu avec les seules données antérieures. MASE < 1 = meilleur que le naïf saisonnier.
B4: ATC | C4: Mois prévu | D4: Prévision | E4: Modèle retenu | F4: Prévisible | H4: ATC | I4: Modèle | J4: MAE | K4: MAPE | L4: MASE | M4: Gain vs meilleure baseline | O4: ATC | P4: Variable | Q4: Corrélation (hors saisonnalité) | R4: Δ MASE avec la variable

Sheet État des données
B1: État des données
B2: Réconciliation des 4 exports, contrôles, corrections et exclusions — généré par le pipeline.
B4: Comparaison | C4: Cellules comparées | D4: Cellules en écart | E4: Périodes en écart | F4: Pire écart relatif | G4: Période du pire écart | H4: ATC du pire écart
B10: Constats et décisions
B11: Source | C11: Type | D11: Constat | E11: Décision | F11: Raison

Sheet Data
A1: Date | B1: M01AB | C1: M01AE | D1: N02BA | E1: N02BE | F1: N05B | G1: N05C | H1: R03 | I1: R06 | J1: Année | K1: Mois | L1: Jour (1 = lundi) | M1: Sélection
